"url","title","course_code","course_type","duration_months","level","awarding_body","mode_of_study","full_time_available","part_time_available","online_available","blended_available","description"
"https://sclondon.co.uk/bsc-hons-business-management-offered-with-foundation-year/","BSC (Hons) Business Management offered with Foundation Year","SCL-BSC-HONS-BUSINESS-MANAGEMENT-OFFERED-WITH-FOU","Degree",,"3","Canterbury Christ Church University &nbsp; Course Structure and Key Features &nbsp; Your Course is m","","0","0","1","0","Why Study Business Management with Foundation Year? &nbsp; Our course will introduce you to different organisations and external environments, so you can understand how they operate and managed as businesses. It is practical in nature, which allows you to begin building your know"
"https://sclondon.co.uk/btec-higher-national-certificate-1-year/","BTEC Higher National Certificate (1 Year)","SCL-BTEC-HIGHER-NATIONAL-CERTIFICATE-1-YEAR","HND","12","4","","","0","0","0","0","The HNC is a level 4 qualification delivered over 1 year. The HNC is an embedded component of the HND, however, it can be taken as a stand- alone qualification. If a student opts to take the HNC they would be eligible to gain a National Certificate after successful completion of "
"https://sclondon.co.uk/btec-higher-national-diploma-2-years/","BTEC Higher National Diploma (2 Years)","SCL-BTEC-HIGHER-NATIONAL-DIPLOMA-2-YEARS","HND","24","5","","","0","0","0","0","The HND is a level 5 qualification delivered over 2 years, the first year at level 4 and the second year at level 5. If a student opts to take the HND they would be eligible to gain a Higher National Diploma after successful completion of a minimum of 16 units.The Higher National"
"https://sclondon.co.uk/edexcel-btec-level-5-hnd-diploma-in-computing-and-systems-development/","Extended Diploma In Strategic Management and leadership (QCF) Edexcel Level 7","SCL-EXTENDED-DIPLOMA-IN-STRATEGIC-MANAGEMENT-AND","Degree",,"5",", offering academic and vocational qualifications to more than 25,000 schools, colleges, employers a","","0","0","0","0","Edexcel is the UK?s largest awarding body, offering academic and vocational qualifications to more than 25,000 schools, colleges, employers and other places of learning in the UK and in over 100 countries worldwide. Edexcel qualifications are recognised by employers and higher ed"
"https://sclondon.co.uk/oa-level-courses/","GCSE / GCE ? A LEVEL COURSES","SCL-GCSE-GCE-A-LEVEL-COURSES","Vocational",,"1",", recognized in the field of education as a highly professional and responsive organization, committ","","0","0","0","0","&nbsp; STRATFORD TUITION CENTRE &nbsp; Private Tutoring &nbsp; Our private tutoring program provides students the personal attention and focus their need for academic success in core subjects. In private (one-to-one) or small group sessions, our experienced tutors coach each stud"
"https://sclondon.co.uk/higher-national-diploma-in-international-travel-tourism-management/","Higher National Diploma in International Travel &amp; Tourism Management","SCL-HIGHER-NATIONAL-DIPLOMA-IN-INTERNATIONAL-TRAV","HND","24","4","Pearson Education Mode: Full time Duration: 2 Years Stratford College London Academic Board recommen","","1","1","1","0","Pearson BTEC HND (Level 4/5) Awarding Body: Pearson Education Mode: Full time Duration: 2 Years Stratford College London Academic Board recommends this programme specification. However, this specification is designed in relation to the UK Quality Code for Higher Education, making"
"https://sclondon.co.uk/hnchnd-administration-and-information-technology-sqa/","HNC/HND Administration and Information Technology (SQA)","SCL-HNC-HND-ADMINISTRATION-AND-INFORMATION-TECHNO","HND",,"5","&nbsp; Scottish Qualification Authority (SQA) &nbsp; Who does this qualification suit? &nbsp; The HN","","0","0","0","0","The HNC and HND in Administration and Information Technology provide candidates with a progression route into employment in a general administrative role in small to medium enterprises. It also provides opportunities to develop the skills and knowledge required for more specialis"
"https://sclondon.co.uk/hnd-hospitality-management/","HND HOSPITALITY MANAGEMENT","SCL-HND-HOSPITALITY-MANAGEMENT","HND",,"3","","","1","1","0","0","The Higher National Diploma in Hospitality Management (HND) is a vocational course. This means that not only do you learn the theoretical aspects but it also provides you with ability to relate this to the real world of work. Evaluating the application of these theories and conce"
"https://sclondon.co.uk/hnd-in-business-rqf/","HND IN BUSINESS RQF","SCL-HND-IN-BUSINESS-RQF","HND","24","5","Pearson Duration: 24 Months RQF Level: 5 Credit Value: 240 Credits Minimum Fees: Student Finance is ","","1","1","1","1","Pearson BTEC Level 5 Higher National Diploma in Business (Business Management) (RQF) Course ID --> Course Name ECLHNBM04-RQF --> Pearson BTEC Level 5 Higher National Diploma in Business (Business Management) (RQF) &nbsp; Awarding Body: Pearson Duration: 24 Months RQF Level: 5 Cre"
"https://sclondon.co.uk/hnd-in-hospitality-management/","HND in Hospitality Management","SCL-HND-IN-HOSPITALITY-MANAGEMENT","HND","24","4","an approved further education institution&nbsp;&nbsp; Related work experience&nbsp;&nbsp; An interna","","1","1","1","1","Purpose of the BTEC Higher Nationals in Hospitality Management The purpose of BTEC Higher Nationals in Hospitality Management is to develop students as professional, self-reflecting individuals able to meet the demands of employers in Hospitality Management and adapt to a constan"
"https://sclondon.co.uk/hnd-in-leadership-and-management-for-england-course/","HND in Leadership and Management for England Course","SCL-HND-IN-LEADERSHIP-AND-MANAGEMENT-FOR-ENGLAND","HND","24","4","Pearson Duration: 24 Months RQF Level: 5 Credit Value: 240 Credits Minimum Fees: Student Finance is ","","1","1","1","1","Introduction &nbsp; Pearson awards are work-related qualifications for students taking their first steps into employment, or for those already in employment and seeking career development opportunities. Such awards provide progression into the workplace either directly or via stu"
"https://sclondon.co.uk/ncfe-qualifications/","NCFE &#8211; QUALIFICATIONS","SCL-NCFE-8211-QUALIFICATIONS","Vocational",,,", recognized in the field of education as a highly professional and responsive organization, committ","","0","0","0","0","NCFE is the UK?s longest established awarding body, recognized in the field of education as a highly professional and responsive organization, committed to maintaining excellent customer service and a friendly approach. &nbsp; *Course commencement ? Subject to number of student a"
"https://sclondon.co.uk/ncfe-level-1-award-in-travel-tourism/","NCFE Level 1 ? Award in Travel &#038; Tourism","SCL-NCFE-LEVEL-1-AWARD-IN-TRAVEL-038-TOURISM","Vocational",,"1","","","0","0","0","0","&nbsp; Introduction &nbsp; These qualifications aim to: provide learners with an understanding of the basic principles of the travel and tourism industry and allows them to explore the various avenues of work within this industry. allow learners to gain transferrable skills that "
"https://sclondon.co.uk/ncfe-level-1-certificate-in-hospitality-catering-management/","NCFE Level 1 ? Certificate in Hospitality &#038; Catering Management","SCL-NCFE-LEVEL-1-CERTIFICATE-IN-HOSPITALITY-038-C","Vocational",,"1","","","0","0","0","0","Introduction &nbsp; The Level 1 Certificate in Hospitality &amp; Catering is a joint development between NCFE and Network Training Publishing. The Level 1 Certificate in Hospitality &amp; Catering is suitable as an introduction for people who wish to access training in Hospitalit"
"https://sclondon.co.uk/ncfe-level-1-certificate-in-travel-and-tourism/","NCFE Level 1 Certificate in Travel and Tourism","SCL-NCFE-LEVEL-1-CERTIFICATE-IN-TRAVEL-AND-TOURIS","Vocational",,"1","","","0","0","0","0","Introduction &nbsp; These qualifications aim to: provide learners with an understanding of the basic principles of the travel and tourism industry and allows them to explore the various avenues of work within this industry. allow learners to gain transferrable skills that can be "
"https://sclondon.co.uk/ncfe-level-2-certificate-for-airline-cabin-crew/","NCFE Level 2 ? Certificate for Airline Cabin Crew","SCL-NCFE-LEVEL-2-CERTIFICATE-FOR-AIRLINE-CABIN-CR","Vocational",,"2","","","0","0","0","0","Introduction &nbsp; The Level 2 Certificate in Cabin Crew prepares learners for entry to airline industry training. It is not intended as a replacement to the training given by airlines upon the receuirement of new cabin crew staff. This qualifications provides the basic backgrou"
"https://sclondon.co.uk/ncfe-level-2-award-for-resort-representatives/","NCFE Level 2 Award for Resort Representatives","SCL-NCFE-LEVEL-2-AWARD-FOR-RESORT-REPRESENTATIVES","Vocational",,"2","","","0","0","0","0","Introduction &nbsp; This qualification aims to: &nbsp; &#x2666; provide skills and knowledge required to work effectively as a Resort Representative &#x2666; provide Resort Representatives with the tools to deliver the highest level of standards and service &#x2666; enhance the s"
"https://sclondon.co.uk/ncfe-level-2-award-in-food-safety-in-catering/","NCFE Level 2 Award in Food Safety in Catering","SCL-NCFE-LEVEL-2-AWARD-IN-FOOD-SAFETY-IN-CATERING","Vocational",,"2","","","0","0","0","0","Introduction &nbsp; The NCFE Level 2 Award in Food Safety in Catering focuses on the importance of hygiene, the food handler?s legal responsibilities and their role in monitoring food safety procedures, and how to handle, prepare and process food safely. The objectives of the qua"
"https://sclondon.co.uk/ncfe-level-2-certificate-in-aviation-operations-on-the-ground-knowledge/","NCFE Level 2 Certificate in Aviation Operations on the Ground (Knowledge)","SCL-NCFE-LEVEL-2-CERTIFICATE-IN-AVIATION-OPERATIO","Vocational",,"2","","","0","0","0","0","Introduction &nbsp; This qualification is designed for learners interested in aviation operations. This qualification aims to: &#x2666; provide learners with skills in health, safety, security and communications required to work within an Aviation Environment &#x2666; develop lea"
"https://sclondon.co.uk/ncfe-level-2-certificate-in-hospitality-and-catering-principles-front-of-house-reception/","NCFE Level 2 Certificate in Hospitality and Catering Principles (Front of House Reception)","SCL-NCFE-LEVEL-2-CERTIFICATE-IN-HOSPITALITY-AND-C","Vocational",,"2","","","0","0","0","0","Introduction &nbsp; Learners will develop the underpinning skills, knowledge and understanding required to work in the hospitality industry in roles such as receptionists, back office team and reservation team in a variety of different environments. The objectives of this qualifi"
"https://sclondon.co.uk/ncfe-level-2-certificate-in-hospitality-and-catering-principles-hospitality-services/","NCFE Level 2 Certificate in Hospitality and Catering Principles (Hospitality Services)","SCL-NCFE-LEVEL-2-CERTIFICATE-IN-HOSPITALITY-AND-C","Vocational",,"2","","","0","0","0","0","Introduction &nbsp; Help learners develop the knowledge, skills and understanding in areas such as maintaining a safe, hygienic and secure working environment, working effectively as part of a hospitality team, maintaining food safety in a catering environment and knowledge of th"
"https://sclondon.co.uk/ncfe-level-2-certificate-in-nutrition-health/","NCFE Level 2 Certificate in Nutrition &#038; Health","SCL-NCFE-LEVEL-2-CERTIFICATE-IN-NUTRITION-038-HEA","Vocational",,"2","","","0","0","0","0","&nbsp; Introduction The NCFE Level 2 Certificate in Nutrition and Health has been developed in response to rising levels of obesity in both adults and children. Modules: The award consists of three mandatory units: Explore principles of health eating Consider nutritional needs of"
"https://sclondon.co.uk/ncfe-level-2-nvq-diploma-in-front-of-house-reception/","NCFE Level 2 NVQ Diploma in Front of House Reception","SCL-NCFE-LEVEL-2-NVQ-DIPLOMA-IN-FRONT-OF-HOUSE-RE","Degree",,"2","","","0","0","0","0","Introduction &nbsp; This qualification is aimed at those working in, or who wish to enter, the hospitality industry. It must be assessed in the workplace or in a realistic working environment to allow learners to gain handson experience as they train. It allows flexibility in cho"
"https://sclondon.co.uk/pearson-btec-level-7-extended-diploma-in-strategic-management-and-leadership/","Pearson BTEC Level 7 Extended Diploma in Strategic Management and Leadership","SCL-PEARSON-BTEC-LEVEL-7-EXTENDED-DIPLOMA-IN-STRA","Degree",,"7",", offering academic and vocational qualifications to more than 25,000 schools, colleges, employers a","","0","0","0","0","Edexcel is the UK?s largest awarding body, offering academic and vocational qualifications to more than 25,000 schools, colleges, employers and other places of learning in the UK and in over 100 countries worldwide. Edexcel qualifications are recognised by employers and higher ed"
"https://sclondon.co.uk/structure-of-edexcel-level-5-btec-higher-national-diploma-in-hospitality-management/","Structure of Edexcel Level 5 BTEC Higher National Diploma in Hospitality Management","SCL-STRUCTURE-OF-EDEXCEL-LEVEL-5-BTEC-HIGHER-NATI","HND",,"5","","","0","0","0","0","Structure of Edexcel L evel 5 BTEC H igher National Diploma in Hospitality Management &nbsp; Unit number &nbsp; &nbsp; Core units ? all seven units mu st be taken &nbsp; Unit l evel H1 or H 2 &nbsp; 1 &nbsp; The Contemporary Hospitality Industry &nbsp; H2 &nbsp; 2 &nbsp; The Deve"
